ALFA-ROMEO,4C,4C,4C,M10ALFVP000S413,960CXB1A01,ES,non,14,177,A 6,9.800000191,5,6.800000191,157,0.404000014,0.044,0.037999999,0,0.003,995,995,715/2007*195/2013EURO6,mars-14,COUPE,LUXE
ALFA-ROMEO,AR8C SPIDER,8C SPIDER,8C SPIDER,M10ALFVP0005293,920BXA1A00B,ES,non,38,331,M 6,24.39999962,11.60000038,16.29999924,379,0.500999987,0.037999999,0.027000001,0,0,1750,1750,715/2007*692/2008EURO5,mars-14,CABRIOLET,LUXE
ALFA-ROMEO,BRERA,BRERA,BRERA 1750 TBI (200ch),M10ALFVP0004267,939DXN1B56B,ES,non,12,147,M 6,11.80000019,6,8.100000381,189,0.601000011,0.059999999,0.039999999,0,0.003,1505,1505,715/2007*692/2008EURO5,mars-14,COUPE,MOY-SUPER
ALFA-ROMEO,BRERA,BRERA,BRERA 2.0 JTDm (170ch),M10ALFVP0005268,939DXP1B58,GO,non,9,125,M 6,7.099999905,4.400000095,5.400000095,142,0.188999996,0,0.155000001,0.180000007,0.002,1555,1555,715/2007*692/2008EURO5,mars-14,COUPE,MOY-SUPER
ALFA-ROMEO,BRERA,BRERA,BRERA 2.0 JTDm (170ch),M10ALFVP0006269,939DXP1B58B,GO,non,9,125,M 6,7.099999905,4.400000095,5.400000095,142,0.188999996,0,0.155000001,0.180000007,0.002,1555,1555,715/2007*692/2008EURO5,mars-14,COUPE,MOY-SUPER
ALFA-ROMEO,BRERA,BRERA,BRERA 2.0 JTDm (170ch),M10ALFVP0007270,939DXQ1B60,GO,non,9,120,M 6,7.099999905,4.400000095,5.400000095,142,0.188999996,0,0.155000001,0.180000007,0.002,1555,1555,715/2007*692/2008EURO5,mars-14,COUPE,MOY-SUPER
ALFA-ROMEO,BRERA,BRERA,BRERA 2.0 JTDm (170ch),M10ALFVP0008271,939DXQ1B60B,GO,non,9,120,M 6,7.099999905,4.400000095,5.400000095,142,0.188999996,0,0.155000001,0.180000007,0.002,1555,1555,715/2007*692/2008EURO5,mars-14,COUPE,MOY-SUPER
ALFA-ROMEO,GIULIETTA,GIULIETTA,GIULIETTA 1.4 TB MultiAir (170ch) S/S,M10ALFVP0007331,940FXB1A01D,ES,non,9,125,M 6,7.800000191,4.599999905,5.800000191,134,0.275999993,0.048,0.028999999,0,0,1365,1365,715/2007*692/2008EURO5,mars-14,BERLINE,MOY-INFER
ALFA-ROMEO,GIULIETTA,GIULIETTA,GIULIETTA 1.4 TB MultiAir (170ch) S/S,M10ALFVP0009297,940FXB1A01D,ES,non,9,125,M 6,7.800000191,4.599999905,5.800000191,134,0.275999993,0.048,0.028999999,0,0,1365,1365,715/2007*692/2008EURO5,mars-14,BERLINE,MOY-INFER
ALFA-ROMEO,GIULIETTA,GIULIETTA,GIULIETTA 1.4 TB MultiAir (170ch) S/S,M10ALFVP000C397,940FXB1A01M,ES,non,9,125,M 6,7.599999905,4.599999905,5.699999809,131,0.465999991,0.044,0.035,0,0,1365,1365,715/2007*195/2013EURO6,mars-14,BERLINE,MOY-INFER
ALFA-ROMEO,GIULIETTA,GIULIETTA,GIULIETTA 1.4 TB MultiAir TCT (170ch) S/S,M10ALFVP0006427,940FXG1113,ES,non,8,120,D 6,6.699999809,4.300000191,5.199999809,121,0.439999998,0.037,0.029999999,0,0,1380,1380,715/2007*195/2013EURO6,mars-14,BERLINE,MOY-INFER
ALFA-ROMEO,GIULIETTA,GIULIETTA,GIULIETTA 1.4 TB MultiAir TCT (170ch) S/S,M10ALFVP000J440,940FXB1110P,ES,non,9,125,D 6,6.400000095,4.199999809,5,117,0.317999989,0.050000001,0.039000001,0,0,1380,1380,715/2007*195/2013EURO6,mars-14,BERLINE,MOY-INFER
ALFA-ROMEO,GIULIETTA,GIULIETTA,GIULIETTA 1.4 TB MultiAir TCT (170ch) S/S,M10ALFVP000T353,940FXG1113,ES,non,8,120,D 6,6.699999809,4.300000191,5.199999809,121,0.439999998,0.037,0.029999999,0,0,1380,1380,715/2007*692/2008EURO5,mars-14,BERLINE,MOY-INFER
ALFA-ROMEO,GIULIETTA,GIULIETTA,GIULIETTA 1.4 T-jet (105ch) S/S,M10ALFVP000A334,940FXN1A12C,ES,non,6,77,M 6,8.399999619,5.300000191,6.400000095,149,0.356000006,0.029999999,0.026000001,0,0,1355,1355,715/2007*692/2008EURO5,mars-14,BERLINE,MOY-INFER
ALFA-ROMEO,GIULIETTA,GIULIETTA,GIULIETTA 1.4 T-jet (120ch) S/S,M10ALFVP0001325,940FXF1A05B,ES,non,7,85,M 6,8.399999619,5.300000191,6.400000095,149,0.356000006,0.029999999,0.026000001,0,0,1355,1355,715/2007*692/2008EURO5,mars-14,BERLINE,MOY-INFER
ALFA-ROMEO,GIULIETTA,GIULIETTA,GIULIETTA 1.4 T-jet (120ch) S/S,M10ALFVP0003169,940FXA1A00,ES,non,7,88,M 6,8.399999619,5.300000191,6.400000095,149,0.356000006,0.029999999,0.026000001,0,0,1355,1355,715/2007*692/2008EURO5,mars-14,BERLINE,MOY-INFER
ALFA-ROMEO,GIULIETTA,GIULIETTA,GIULIETTA 1.4 T-jet (120ch) S/S,M10ALFVP000R412,940FXT1A18D,ES,non,7,88,M 6,8.300000191,5.300000191,6.400000095,148,0.279000014,0.037999999,0.02,0,0,1355,1355,715/2007*195/2013EURO6,mars-14,BERLINE,MOY-INFER
ALFA-ROMEO,GIULIETTA,GIULIETTA,GIULIETTA 1.6 JTDm (105ch) S/S,M10ALFVP0007392,940FXD1A03C,GO,non,5,77,M 6,5.400000095,3.599999905,4.300000191,112,0.215000004,0,0.172999993,0.207000002,0.001,1385,1385,715/2007*195/2013EURO5,mars-14,BERLINE,MOY-INFER
ALFA-ROMEO,GIULIETTA,GIULIETTA,GIULIETTA 2.0 JTDm (140ch) S/S,M10ALFVP000R350,940FXL1A08B,GO,non,7,103,M 6,5.599999905,3.900000095,4.5,119,0.388999999,0,0.160999998,0.214000002,0.001,1395,1395,715/2007*692/2008EURO5,mars-14,BERLINE,MOY-INFER
ALFA-ROMEO,GIULIETTA,GIULIETTA,GIULIETTA 2.0 JTDm (150ch) S/S,M10ALFVP000K405,940FXQ1A15B,GO,non,7,110,M 6,5,3.700000048,4.199999809,110,0.244000003,0,0.153999999,0.188999996,0.001,1395,1395,715/2007*195/2013EURO5,mars-14,BERLINE,MOY-INFER
ALFA-ROMEO,GIULIETTA,GIULIETTA,GIULIETTA 2.0 JTDm (170ch) S/S,M10ALFVP0005171,940FXE1A04,GO,non,9,125,M 6,5.800000191,4.099999905,4.699999809,124,0.151999995,0,0.158000007,0.201000005,0.002,1395,1395,715/2007*692/2008EURO5,mars-14,BERLINE,MOY-INFER
ALFA-ROMEO,MITO,MITO,MITO 1.3 JTDm (85ch) S/S,M10ALFVP000D373,955AXT1A14,GO,non,4,62,M 5,4.599999905,3,3.599999905,95,0.314999998,0,0.164000005,0.188999996,0.001,1225,1225,715/2007*630/2012EURO5,mars-14,BERLINE,INFERIEURE
ALFA-ROMEO,MITO,MITO,MITO 1.3 JTDm (85ch) S/S,M10ALFVP000E374,955AXT1A14B,GO,non,4,62,M 5,4.599999905,3,3.599999905,95,0.314999998,0,0.164000005,0.188999996,0.001,1225,1225,715/2007*630/2012EURO5,mars-14,BERLINE,INFERIEURE
ALFA-ROMEO,MITO,MITO,MITO 1.6 JTDm (120ch) S/S,M10ALFVP000V416,955AXE1B04N,GO,non,6,85,M 6,5.199999809,3.700000048,4.300000191,112,0.388999999,0,0.155000001,0.216000006,0.001,1280,1280,715/2007*195/2013EURO5,mars-14,BERLINE,INFERIEURE
ALFA-ROMEO,MITO,MITO,MITO 1.6 JTDm (120ch) S/S,M10ALFVP000W417,955AXE1B04P,GO,non,6,85,M 6,5.199999809,3.700000048,4.300000191,112,0.388999999,0,0.155000001,0.216000006,0.001,1280,1280,715/2007*195/2013EURO5,mars-14,BERLINE,INFERIEURE
ASTON MARTIN,CYGNET,CYGNET,CYGNET,M10SCFVP000P145,CG00R4A,ES,non,5,72,M 6,5.800000191,4.5,5,116,0.296000004,0.034000002,0.021,0,0,1063,1063,715/2007*692/2008EURO5,mars-13,BERLINE,INFERIEURE
ASTON MARTIN,DB9 VOLANTE,DB9,DB9,M10SCFVP000L203,VH1B102R4MAAE,ES,non,44,381,A 6,21.60000038,10,14.30000019,333,0.187000006,0.041000001,0.028999999,0,0,1965,1965,715/2007*630/2012EURO5,mars-13,COUPE,LUXE
ASTON MARTIN,DB9 VOLANTE,DB9,DB9,M10SCFVP000M204,VH1B103L4MAAE,ES,non,44,381,A 6,21.60000038,10,14.30000019,333,0.187000006,0.041000001,0.028999999,0,0,1965,1965,715/2007*630/2012EURO5,mars-13,CABRIOLET,LUXE
ASTON MARTIN,ONE-77,ONE-77,ONE-77,M10SCFVP000S088,VHYA2LONE77,ES,non,80,559.2999878,A 6,38.90000153,14.5,23.89999962,555,0.902999997,0.075000003,0.056000002,0,0,1815,1815,715/2007*692/2008EURO5,mars-13,COUPE,LUXE
ASTON MARTIN,ONE-77,ONE-77,ONE-77,M10SCFVP000Z156,VHYA2LONE77,ES,non,81,559.2999878,A 6,41.09999847,14.89999962,24.5,572,0.782000005,0.067000002,0.048999999,0,0,1815,1815,715/2007*692/2008EURO5,mars-13,COUPE,LUXE
ASTON MARTIN,VANQUISH,VANQUISH,VANQUISH,M10SCFVP000V213,VH1(SAS)SA52R4PAAE,ES,non,51,422,A 6,21.39999962,10.19999981,14.39999962,335,0.619000018,0.039000001,0.037,0,0,1814,1814,715/2007*630/2012EURO5,mars-13,COUPE,LUXE
ASTON MARTIN,VANTAGE,VANTAGE,V12 VANTAGE,M10SCFVP000X057,VH2E5R2FMCD,ES,non,45,380,M 6,24.29999924,11.69999981,16.39999962,388,0.326000005,0.030999999,0.013,0,0,1755,1755,715/2007*692/2008EURO5,mars-13,COUPE,LUXE
ASTON MARTIN,VANTAGE,VANTAGE,VANTAGE,M10SCFVP0007164,VH2C28L2KSDF,ES,non,34,313.2000122,A 7,19.20000076,9.300000191,12.89999962,299,0.528999984,0.044,0.014,0,0,1705,1705,715/2007*692/2008EURO5,mars-13,COUPE,LUXE
ASTON MARTIN,VANTAGE,VANTAGE,VANTAGE,M10SCFVP0008068,VH2B18L2KMCC,ES,non,34,313.2000122,M 6,19.60000038,10.39999962,13.80000019,321,0.588,0.050000001,0.037,0,0,1785,1785,715/2007*692/2008EURO5,mars-13,COUPE,LUXE
AUDI,A1,A1,A1 1.4 TFSI (185ch) S TRONIC,M10AUDVP005H074,8XACAVGF1FD7AM015R8X72LLS47MGEM0,ES,non,10,136,A 7,7.5,5.099999905,5.900000095,139,0.229000002,0.043000001,0.037999999,0,0.003,1265,1265,"""715/2007*566/2011EURO5",0,BERLINE,INFERIEURE
AUDI,A1,A1,A1 1.6 TDI (90ch) S TRONIC,M10AUDVP005N105,8XACAYBF1FD7AM007R8X5BLLS47MQEM0,GO,non,5,66,A 7,5.099999905,3.700000048,4.199999809,110,0.02,0,0.135000005,0.149000004,0,1235,1235,"""715/2007*566/2011EURO5",0,BERLINE,INFERIEURE
AUDI,A1 SPORTBACK,A1,A1 1.4 TFSI (122ch),M10AUDVP005R181,8XSCAXAF1FM62U010R8X5BLLS47MQEM2,ES,non,6,90,M 6,6.900000095,4.599999905,5.400000095,126,0.328999996,0.037999999,0.030999999,0,0.002,1200,1200,"""715/2007*566/2011EURO5",0,BERLINE,INFERIEURE
AUDI,A1 SPORTBACK,A1,A1 1.4 TFSI (122ch) S TRONIC,M10AUDVP005B165,8XSCAXAF1FD7AM014R8X5BLLS47MQEM2,ES,non,6,90,A 7,6.5,4.599999905,5.300000191,122,0.412,0.043000001,0.027000001,0,0.001,1225,1225,"""715/2007*566/2011EURO5",0,BERLINE,INFERIEURE
AUDI,A3 CABRIOLET,A3,A3 CABRIOLET 2.0 TDI (150ch) quattro,M10AUDVP0091381,8VKCRLBQ1QM62Q031R8V9A7MMEM1,GO,non,8,110,M 6,5.800000191,4.199999809,4.800000191,125,0.143999994,0,0.072999999,0.108999997,0,1615,1615,"""715/2007*195/2013EURO6",0,CABRIOLET,MOY-INFER
AUDI,A3 LIMOUSINE,A3,A3 Berline 1.8 TFSI (180ch) S tronic,M10AUDVP0083833,8VLCJSAF1FD7AM006R8V9A7MMEM1,ES,non,10,132,A 7,7,4.800000191,5.599999905,129,0.340000004,0.054000001,0.027000001,0,0,1370,1370,"""715/2007*195/2013EURO6",0,BERLINE,MOY-INFER
AUDI,A4 AVANT,A4,A4 AVANT 1.8 TFSI (120ch),M10AUDVP008W305,B8ACDHAF1FM6B1001RB8KAS57MJEM1,ES,non,7,88,M 6,8.600000381,5.5,6.599999905,154,0.386000007,0.045000002,0.026000001,0,0.002,1565,1565,"""715/2007*630/2012EURO5",0,BREAK,MOY-SUPER
AUDI,A4 AVANT,A4,A4 AVANT 1.8 TFSI (120ch) MULTITRONIC 8,M10AUDVP008T302,B8ACDHAF1FAVAW006RB8KAS57MJEM1,ES,non,7,88,V 0,7.599999905,5.699999809,6.400000095,149,0.524999976,0.048999999,0.026000001,0,0.003,1600,1600,"""715/2007*630/2012EURO5",0,BREAK,MOY-SUPER
AUDI,A4 AVANT,A4,A4 AVANT 2.0 TDI (150ch) QUATTRO,M10AUDVP008Y343,B8ACJCDQ1QM6B2003RB8KAS57MJEM1,GO,non,8,110,M 6,6.099999905,4.699999809,5.300000191,138,0.229000002,0,0.150000006,0.179000005,0,1675,1675,"""715/2007*630/2012EURO5",0,BREAK,MOY-SUPER
AUDI,A4 AVANT,A4,A4 AVANT 2.0 TDI (163ch),M10AUDVP008J327,B8ACGLDF1FM6B1005RB8KBS57MJEM2,GO,non,8,120,M 6,5.400000095,4,4.5,120,0.144999996,0,0.134000003,0.150000006,0,1610,1610,"""715/2007*630/2012EURO5",0,BREAK,MOY-SUPER
AUDI,A4 AVANT,A4,A4 AVANT 2.0 TDI (177ch) QUATTRO,M10AUDVP008C321,B8ACGLCQ1QM6B2003RB8KBS57MJEM1,GO,non,10,130,M 6,6.300000191,4.699999809,5.300000191,139,0.207000002,0,0.143000007,0.173999995,0,1675,1675,"""715/2007*630/2012EURO5",0,BREAK,MOY-SUPER
AUDI,A4 AVANT,A4,A4 AVANT 2.0 TDI (190ch) QUATTRO,M10AUDVP0091187,B8ACNHAQ1QM6B2003RB8KBS57MMEM1,GO,non,10,140,M 6,6,4.5,5.099999905,132,0.246999994,0,0.050000001,0.086000003,0,1730,1730,"""715/2007*195/2013EURO6",0,BREAK,MOY-SUPER
AUDI,A4 AVANT,A4,A4 AVANT V6 3.0 TDI (245ch) QUATTRO,M10AUDVP0080309,B8ACDUCQ1QM6B4001RB8KDS57MJEM1,GO,non,15,180,M 6,7.300000191,5.099999905,5.900000095,154,0.400000006,0,0.172999993,0.215000004,0,1755,1755,"""715/2007*630/2012EURO5",0,BREAK,MOY-SUPER
AUDI,A4 LIMOUSINE,A4,A4 1.8 TFSI (120ch),M10AUDVP008P491,B8LCDHAF1FM6B1001RB8KAS57MJEM1,ES,non,7,88,M 6,8.600000381,5.300000191,6.5,151,0.370999992,0.035999998,0.030999999,0,0.002,1505,1505,"""715/2007*630/2012EURO5",0,BERLINE,MOY-SUPER
AUDI,A4 LIMOUSINE,A4,A4 2.0 TDI (177ch) QUATTRO,M10AUDVP0084507,B8LCGLCQ1QM6B2003RB8KBS57MJEM1,GO,non,10,130,M 6,6.099999905,4.5,5.099999905,134,0.207000002,0,0.143000007,0.173999995,0,1635,1635,"""715/2007*630/2012EURO5",0,BERLINE,MOY-SUPER
AUDI,A4 LIMOUSINE,A4,A4 2.0 TDI (190ch),M10AUDVP009Y209,B8LCNHAF1FM6B1002RB8KBS57MMEM1,GO,non,10,140,M 6,5.400000095,3.900000095,4.5,117,0.319000006,0,0.055,0.108000003,0,1615,1615,"""715/2007*195/2013EURO6",0,BERLINE,MOY-SUPER
AUDI,A4 LIMOUSINE,A4,A4 V6 3.0 TFSI (204ch) MULTITRONIC 8,M10AUDVP0081540,B8LCLABF1FAVAW012RB8KCS57MJEM1,GO,non,11,150,V 0,5.5,4.599999905,4.900000095,129,0.209999993,0,0.172000006,0.189999998,0,1665,1665,"""715/2007*630/2012EURO5",0,BERLINE,MOY-SUPER
AUDI,A5 CABRIOLET,A5,A5 CABRIOLET 2.0 TDI (190ch) QUATTRO,M10AUDVP009W207,B8KCNHAQ1QM6B2003RB8TBS47MMEM1,GO,non,10,140,M 6,6,4.599999905,5.099999905,134,0.246999994,0,0.050000001,0.086000003,0,1850,1850,"""715/2007*195/2013EURO6",0,CABRIOLET,MOY-SUPER
AUDI,A5 COUPE,A5,A5 2.0 TDI (177ch) QUATTRO,M10AUDVP0082383,B8CCGLCQ1QM6B2003RB8TBS47MJEM1,GO,non,10,130,M 6,6.099999905,4.5,5.099999905,134,0.207000002,0,0.143000007,0.173999995,0,1610,1610,"""715/2007*630/2012EURO5",0,COUPE,MOY-SUPER
AUDI,A5 SPORTBACK,A5,A5 SPORTBACK 2.0 TDI (177ch),M10AUDVP0081576,B8SCGLCF1FM6B1002RB8TBS57MJEM1,GO,non,9,130,M 6,5.5,4.099999905,4.599999905,120,0.186000004,0,0.133000001,0.164000005,0,1590,1590,"""715/2007*630/2012EURO5",0,BERLINE,MOY-SUPER
AUDI,A5 SPORTBACK,A5,A5 SPORTBACK 2.0 TDI (190ch),M10AUDVP0099220,B8SCNHAF1FM6B1002RB8TBS57MMEM1,GO,non,10,140,M 6,5.5,4,4.599999905,119,0.319000006,0,0.055,0.108000003,0,1655,1655,"""715/2007*195/2013EURO6",0,BERLINE,MOY-SUPER
AUDI,A5 SPORTBACK,A5,A5 SPORTBACK V6 3.0 TDI (204ch) MULTITRONIC 8,M10AUDVP008J654,B8SCLABF1FAVAW012RB8TDS57MJEM1,GO,non,11,150,V 0,5.5,4.599999905,4.900000095,129,0.209999993,0,0.172000006,0.189999998,0,1695,1695,"""715/2007*630/2012EURO5",0,BERLINE,MOY-SUPER
AUDI,A6 AVANT,A6,A6 AVANT 2.0 TDI (136ch) MANUELLE 6,M10AUDVP007H521,4GACGLEF1FM6B1011R4G61S57MJEM2,GO,non,7,100,M 6,6.099999905,4.5,5,132,0.152999997,0,0.143999994,0.165000007,0,1715,1715,"""715/2007*630/2012EURO5",0,BREAK,LUXE
AUDI,A6 AVANT,A6,A6 AVANT 2.0 TFSI (180ch) MULTITRONIC 8,M10AUDVP007M490,4GACDNBF1FAVAW016R4G61S57MJEM2,ES,non,10,132,V 0,8.199999809,5.5,6.5,152,0.547999978,0.061000001,0.026000001,0,0.001,1705,1705,"""715/2007*630/2012EURO5",0,BREAK,LUXE
AUDI,A6 LIMOUSINE,A6,A6 V6 3.0 TDI (313ch) QUATTRO TIPTRONIC 8,M10AUDVP007X598,4GLCGQBQ1QA8BK021R4G72S57MJEM2,GO,non,20,230,A 8,7.900000095,5.5,6.300000191,166,0.079999998,0,0.177000001,0.193000004,0,1865,1865,"""715/2007*630/2012EURO5",0,BERLINE,LUXE
AUDI,A7 SPORTBACK,A7,A7 V6 3.0 TDI (204ch) QUATTRO S TRONIC 7,M10AUDVP007V693,4GSCLAAQ1QD7B5027R4G7BS57MJEM2,GO,non,12,150,A 7,6.800000191,5.099999905,5.800000191,152,0.377000004,0,0.169,0.193000004,0,1860,1860,"""715/2007*630/2012EURO5",0,BERLINE,LUXE
AUDI,A8,A8,A8 V6 3.0 TDI CLEAN DIESEL (258ch) QUATTRO TIPTRONIC 8,M10AUDVP008N781,4HLCTBAQ1QA8BK003R4H7AS4+17MMEM2,GO,non,16,190,A 8,7.300000191,5.099999905,5.900000095,155,0.217999995,0,0.052999999,0.077,0.001,1955,1955,"""715/2007*195/2013EURO6",0,BERLINE,LUXE
AUDI,Q5,Q5,Q5 2.0 TDI (150ch) QUATTRO,M1GAUDVP0072720,8RXCJCDQ1QM6B2023R8R7A7MJEM1G,GO,non,8,110,M 6,6.800000191,5.400000095,5.900000095,154,0.270999998,0,0.155000001,0.200000003,0,1830,1830,"""715/2007*630/2012EURO5",0,TS TERRAINS/CHEMINS,SUPERIEURE
AUDI,Q5,Q5,Q5 2.0 TFSI (225ch) QUATTRO,M1GAUDVP0078726,8RXCNCDQ1QM6B2017R8R7B7MMEM1G,ES,non,14,165,M 6,9.300000191,6.400000095,7.5,174,0.246999994,0.028999999,0.026000001,0,0,1795,1795,"""715/2007*630/2012EURO6",0,TS TERRAINS/CHEMINS,SUPERIEURE
AUDI,Q5,Q5,Q5 V6 3.0 TDI (245ch) QUATTRO S TRONIC,M1GAUDVP007L703,8RXCDUDQ1QD7B5035R8R7C7MJEM1G,GO,non,15,180,A 7,7.099999905,6,6.400000095,169,0.244000003,0,0.162,0.184,0.001,1935,1935,"""715/2007*630/2012EURO5",0,TS TERRAINS/CHEMINS,SUPERIEURE
AUDI,S3,A3,S3 2.0 TFSI (300ch) QUATTRO,M10AUDVP008P818,8VACJXCQ1QM6FB001R8V817MMEM1,ES,non,19,221,M 6,9.100000381,5.800000191,7,162,0.330000013,0.044,0.016000001,0,0,1470,1470,"""715/2007*195/2013EURO6",0,BERLINE,MOY-INFER
AUDI,S5 COUPE,A5,S5 COUPE V6 3.0 TFSI (333ch) QUATTRO S TRONIC 7,M10AUDVP008M392,B8CCGWCQ1QD7B5041RB8THS47MJEM1,ES,non,22,245,A 7,10.69999981,6.599999905,8.100000381,190,0.263000011,0.027000001,0.012,0,0.001,1750,1750,"""715/2007*630/2012EURO5",0,COUPE,MOY-SUPER
AUDI,TT COUPE,TT,TT Coupé 1.8 TFSI (160ch),M10AUDVP007F943,8JCCDAAF1FM62S0G6R8J607MJEM1,ES,non,9,118,M 6,8.5,5.199999809,6.400000095,149,0.351000011,0.054000001,0.025,0,0,1335,1335,"""715/2007*630/2012EURO5",0,COUPE,MOY-SUPER
AUDI,TT COUPE,TT,TT Coupé 2.0 TDI (170ch) QUATTRO S TRONIC,M10AUDVP007J971,8JCCFGBQ1QD62E083R8J607MJEM1,GO,non,9,125,A 6,7,4.699999809,5.5,144,0.150999993,0,0.115000002,0.137999997,0,1490,1490,"""715/2007*630/2012EURO5",0,COUPE,MOY-SUPER
AUDI,TT RS COUPE,TT,TT RS Coupé 2.5 TFSI (340ch) QUATTRO,M10AUDVP007P953,8JCCEPAQ1QM6A6007R8J817MJEM1,ES,non,23,250,M 6,12.60000038,6.800000191,9,209,0.477999985,0.039999999,0.013,0,0.002,1525,1525,"""715/2007*630/2012EURO5",0,COUPE,LUXE
BENTLEY,FLYING SPUR V8,CONTINENTAL FS,FLYING SPUR V8,M10BTLVP0004119,3WEJ41,ES,non,41,373,A 8,15.60000038,8.100000381,10.89999962,254,0.550000012,0.048,0.041999999,0,0.002,2505,2505,715/2007*195/2013EURO5,mars-14,BERLINE,LUXE
BMW,M5,M5,M5 Berline,M10BMWVP011B305,M5/M6FV915A050000,ES,non,47,412,A 7,14,7.599999905,9.899999619,232,0.25,0.028999999,0.012,0,0.001,1945,1945,"""715/2007*143/2013EURO5",0,BERLINE,LUXE
BMW,SERIE 1,114,"""114d 3P (jantes 16"""")""",M10BMWVP0177622,1K21N515H140000,GO,non,5,70,M 6,4.900000095,3.700000048,4.099999905,109,0.446999997,0,0.159999996,0.191,0,1390,1390,"""715/2007*630/2012EURO5",0,BERLINE,MOY-INFER
BMW,SERIE 1,114,"""114d 5P (jantes 17"""" et 18"""")""",M10BMWVP018W028,1K41T915H250000,GO,non,5,70,M 6,5,3.799999952,4.300000191,112,0.446999997,0,0.159999996,0.191,0,1395,1395,"""715/2007*630/2012EURO5",0,BERLINE,MOY-INFER
BMW,SERIE 1,118,"""118d 5P (jantes 16"""")""",M10BMWVP0174874,1K41C115H150000,GO,non,7,105,M 6,5.099999905,3.599999905,4.099999905,109,0.238999993,0,0.125,0.155000001,0,1395,1395,"""715/2007*195/2013EURO5",0,BERLINE,MOY-INFER
BMW,SERIE 1,118,"""118i 3P (jantes 16"""")""",M10BMWVP017R254,1K21D316H140000,ES,non,9,125,M 6,7.400000095,4.699999809,5.699999809,132,0.312000006,0.041999999,0.030999999,0,0.002,1375,1375,"""715/2007*630/2012EURO6",0,BERLINE,MOY-INFER
BMW,SERIE 1,120,120d Coupé,M10BMWVP001L846,1CUR315B,GO,non,10,130,A 6,6.699999809,4.5,5.300000191,140,0.465000004,0,0.118000001,0.150999993,0,1450,1450,"""715/2007*692/2008EURO5",0,COUPE,MOY-INFER
BMW,SERIE 1,120,120d xDrive 3P (jantes 17'' et 18''),M10BMWVP017K538,1K21E515H240000,GO,non,10,135,M 6,5.900000095,4.099999905,4.800000191,126,0.36500001,0,0.145999998,0.173999995,0,1500,1500,"""715/2007*195/2013EURO5",0,BERLINE,MOY-INFER
BMW,SERIE 1,120,120d xDrive 5P (jantes 17'' et 18''),M10BMWVP0175850,1K41B515H250000,GO,non,10,135,M 6,5.900000095,4.099999905,4.800000191,126,0.36500001,0,0.145999998,0.173999995,0,1505,1505,"""715/2007*195/2013EURO5",0,BERLINE,MOY-INFER
BMW,SERIE 1,125,125i 3P,M10BMWVP017F278,1K21D516A040000,ES,non,12,160,A 8,8.5,5.099999905,6.300000191,148,0.25,0.029999999,0.028000001,0,0,1445,1445,"""715/2007*195/2013EURO6",0,BERLINE,MOY-INFER
BMW,SERIE 1,135,135i Coupé,M10BMWVP001V856,1CUC915B,ES,non,20,225,A 7,11.69999981,6.699999809,8.5,198,0.477999985,0.044,0.029999999,0,0.001,1545,1545,"""715/2007*692/2008EURO5",0,COUPE,MOY-INFER
BMW,SERIE 3,316,"""316i Touring (jantes 16"""" (225/55). 17"""". 18"""" et 19'')""",M10BMWVP0159529,3K3G116A250000,ES,non,8,100,A 8,7.900000095,5.099999905,6.199999809,143,0.319000006,0.045000002,0.025,0,0.002,1545,1545,"""715/2007*143/2013EURO6",0,BREAK,SUPERIEURE
BMW,SERIE 3,318,318d xDrive Touring (jantes 16'' 225/55. 17''. 18'' et 19''),M10BMWVP0156817,3K8J315H250000,GO,non,8,105,M 6,6.099999905,4.400000095,5,132,0.225999996,0,0.112000003,0.138999999,0,1635,1635,"""715/2007*195/2013EURO5",0,BREAK,SUPERIEURE
BMW,SERIE 3,320,"""320i xDrive Gran Turismo (jantes 17"""" et 18"""")""",M10BMWVP018P675,3-V3Z716A150000,ES,non,10,135,A 8,8.699999809,5.400000095,6.599999905,154,0.277999997,0.045000002,0.018999999,0,0,1715,1715,"""715/2007*195/2013EURO6",0,BERLINE,SUPERIEURE
BMW,SERIE 3,320,"""320i xDrive Gran Turismo (jantes 18"""" et 19"""" montes mixtes)""",M10BMWVP0184679,3-V3Z716A250000,ES,non,10,135,A 8,8.800000191,5.5,6.699999809,156,0.277999997,0.045000002,0.018999999,0,0,1715,1715,"""715/2007*195/2013EURO6",0,BERLINE,SUPERIEURE
BMW,SERIE 3,320,320d EfficientDynamics Edition Berline,M10BMWVP018P347,3L3E115A050000,GO,non,8,120,A 8,5,3.599999905,4.099999905,109,0.252999991,0,0.159999996,0.177000001,0,1505,1505,"""715/2007*195/2013EURO5",0,BERLINE,SUPERIEURE
BMW,SERIE 3,320,320d Touring (jantes 16'' 205/60),M10BMWVP015F632,3K3K315A150000,GO,non,10,135,A 8,5.699999809,4.099999905,4.699999809,123,0.171000004,0,0.171000004,0.184,0,1585,1585,"""715/2007*143/2013EURO5",0,BREAK,SUPERIEURE
BMW,SERIE 3,320,320d xDrive Berline (jantes 16'' 205/60),M10BMWVP018K307,3L3D515H150000,GO,non,10,135,M 6,6,3.900000095,4.699999809,124,0.177000001,0,0.166999996,0.181999996,0,1585,1585,"""715/2007*195/2013EURO5",0,BERLINE,SUPERIEURE
BMW,SERIE 3,325,325d Berline,M10BMWVP0180323,3L3D715H050000,GO,non,12,160,M 6,6.199999809,4.199999809,4.900000095,129,0.286000013,0,0.150000006,0.181999996,0,1550,1550,"""715/2007*195/2013EURO5",0,BERLINE,SUPERIEURE
BMW,SERIE 3,328,328i xDrive Touring (jantes 16'' 225/55. 17''. 18'' et 19''),M10BMWVP015J600,3K3H516A050000,ES,non,15,180,A 8,9,5.800000191,6.900000095,162,0.391000003,0.054000001,0.032000002,0,0,1685,1685,"""715/2007*195/2013EURO6",0,BREAK,SUPERIEURE
BMW,SERIE 3,330,330d Berline,M10BMWVP018C371,3L3E515A050000,GO,non,15,190,A 8,6,4.300000191,4.900000095,129,0.226999998,0,0.153999999,0.174999997,0,1615,1615,"""715/2007*195/2013EURO5",0,BERLINE,SUPERIEURE
BMW,SERIE 3,335,335i Touring (jantes 16'' 225/55. 17''. 18'' et 19''),M10BMWVP015C568,3K3G916A050000,ES,non,20,225,A 8,10.89999962,5.699999809,7.599999905,177,0.203999996,0.028000001,0.027000001,0,0,1660,1660,"""715/2007*195/2013EURO6",0,BREAK,SUPERIEURE
BMW,SERIE 4,420,"""420d xDrive Coupé (Jantes 18"""" mixtes et 19"""")""",M10BMWVP0156077,3C3P315A240000,GO,non,10,135,A 8,5.800000191,4.300000191,4.900000095,128,0.171000004,0,0.171000004,0.184,0,1615,1615,"""715/2007*195/2013EURO5",0,COUPE,MOY-SUPER
BMW,SERIE 4,428,"""428i (jantes 18"""" et 19"""" montes mixtes)""",M10BMWVP014G864,3C3N316H240000,ES,non,15,180,M 6,8.899999619,5.300000191,6.699999809,156,0.505999982,0.037,0.017999999,0,0,1525,1525,"""715/2007*195/2013EURO6",0,COUPE,MOY-SUPER
BMW,SERIE 5,518,518d Berline (jantes 17''),M10BMWVP0131293,5L5C116A150000,GO,non,7,105,A 8,5.300000191,4.099999905,4.5,119,0.093999997,0,0.024,0.052000001,0,1700,1700,"""715/2007*143/2013EURO6",0,BERLINE,LUXE
BMW,SERIE 5,518,518d Berline (jantes 18'' et 19'' avec monte mixte),M10BMWVP013B303,5L5C116H350000,GO,non,8,105,M 6,5.800000191,4.400000095,4.900000095,129,0.186000004,0,0.050000001,0.061000001,0,1690,1690,"""715/2007*143/2013EURO6",0,BERLINE,LUXE
BMW,SERIE 5,520,520d Berline (jantes 17''),M10BMWVP013J311,5L5C315A150000,GO,non,10,135,A 8,5.199999809,4.099999905,4.5,119,0.268999994,0,0.147,0.165999994,0,1705,1705,"""715/2007*143/2013EURO5",0,BERLINE,SUPERIEURE
BMW,SERIE 5,520,520d Berline (jantes 18''),M10BMWVP013V323,5L5C315H250000,GO,non,10,135,M 6,5.800000191,4.099999905,4.699999809,124,0.228,0,0.169,0.187000006,0,1695,1695,"""715/2007*143/2013EURO5",0,BERLINE,SUPERIEURE
BMW,SERIE 5,520,520d Touring (jantes 18''),M10BMWVP013W615,5K5J315H250000,GO,non,10,135,M 6,6,4.5,5.099999905,134,0.173999995,0,0.123999998,0.141000003,0,1800,1800,"""715/2007*143/2013EURO6",0,BREAK,SUPERIEURE
BMW,SERIE 5,525,525d Touring (jantes 18''),M10BMWVP0130680,5K5J716H250000,GO,non,12,160,M 6,6.400000095,4.699999809,5.400000095,141,0.178000003,0,0.041999999,0.064000003,0,1825,1825,"""715/2007*143/2013EURO6",0,BREAK,LUXE
BMW,SERIE 5,525,525d xDrive Berline (jantes 18'' et 19'' avec monte mixte),M10BMWVP013S417,5L5C916A350000,GO,non,12,160,A 8,6.300000191,5,5.400000095,143,0.238999993,0,0.026000001,0.044,0,1840,1840,"""715/2007*143/2013EURO6",0,BREAK,LUXE
BMW,SERIE 5,528,528i xDrive Berline (jantes 18'' et 19'' avec monte mixte),M10BMWVP0137238,5L5A716A350000,ES,non,15,180,A 8,9,5.599999905,6.800000191,159,0.317000002,0.044,0.041999999,0,0,1785,1785,"""715/2007*143/2013EURO6",0,BERLINE,SUPERIEURE
BMW,SERIE 5,528,528i xDrive Berline (jantes 18''),M10BMWVP0136237,5L5A716A250000,ES,non,15,180,A 8,8.699999809,5.400000095,6.599999905,154,0.317000002,0.044,0.041999999,0,0,1785,1785,"""715/2007*143/2013EURO6",0,BERLINE,SUPERIEURE
BMW,SERIE 5,530,530d xDrive Berline (jantes 18'' et 19'' avec monte mixte),M10BMWVP013Y459,5L5D315A350000,GO,non,15,190,A 8,6.699999809,5.199999809,5.800000191,152,0.037,0,0.148000002,0.160999998,0,1885,1885,"""715/2007*630/2012EURO5",0,BERLINE,SUPERIEURE
BMW,SERIE 5,530,530d xDrive Touring (jantes 19''),M10BMWVP0132718,5K5K316A350000,GO,non,16,190,A 8,7.099999905,5.400000095,6,159,0.231000006,0,0.024,0.071000002,0,1995,1995,"""715/2007*143/2013EURO6",0,BREAK,LUXE
BMW,SERIE 5,535,535i Berline (jantes 18''),M10BMWVP013M253,5L5B116H250000,ES,non,20,225,M 6,11.30000019,6.300000191,8.199999809,191,0.279000014,0.029999999,0.017999999,0,0,1750,1750,"""715/2007*143/2013EURO6",0,BERLINE,SUPERIEURE
BMW,SERIE 5,550,M550d xDrive Berline,M10BMWVP013L482,5L5D916A050000,GO,non,26,280,A 8,7.5,5.400000095,6.199999809,162,0.222000003,0,0.063000001,0.097999997,0,1955,1955,"""715/2007*143/2013EURO6",0,BERLINE,LUXE
BMW,SERIE 6,640,640d Cabriolet (jantes 18''),M10BMWVP011E405,6CLZ715A240000,GO,non,20,230,A 8,6.800000191,4.900000095,5.599999905,148,0.305000007,0,0.153999999,0.178000003,0,1935,1935,"""715/2007*566/2011EURO5",0,CABRIOLET,LUXE
BMW,SERIE 6,640,640d Gran Coupé (jantes 18''),M10BMWVP011C342,6C6A615A250000,GO,non,20,230,A 8,6.800000191,4.900000095,5.599999905,148,0.305000007,0,0.153999999,0.178000003,0,1885,1885,"""715/2007*566/2011EURO5",0,COUPE,LUXE
BMW,SERIE 6,640,640d xDrive Gran Coupé (jantes 18''. 19'' ou 20'' avec monte mixte),M10BMWVP011J349,6C6A815A350000,GO,non,20,230,A 8,7.400000095,5.199999809,6,158,0.305000007,0,0.153999999,0.178000003,0,1945,1945,"""715/2007*630/2012EURO5",0,BERLINE,LUXE
BMW,SERIE 6,640,640i Cabriolet (jantes 18''. 19'' ou 20'' avec monte mixte),M10BMWVP011G382,6CLW715A340000,ES,non,21,235,A 8,10.89999962,6.199999809,7.900000095,185,0.229000002,0.050000001,0.015,0,0.003,1915,1915,"""715/2007*566/2011EURO5",0,CABRIOLET,LUXE
BMW,SERIE 6,640,640i Coupé (jantes 18''),M10BMWVP0113369,6CLW315A240000,ES,non,21,235,A 8,10.39999962,6.099999905,7.699999809,179,0.229000002,0.050000001,0.015,0,0.003,1760,1760,"""715/2007*566/2011EURO5",0,COUPE,LUXE
BMW,SERIE 7,730,730Ld Limousine,M10BMWVP012J868,7LYG415A050000,GO,non,15,190,A 8,6.800000191,4.900000095,5.599999905,148,0.014,0,0.152999997,0.163000003,0,1950,1950,"""715/2007*459/2012EURO5",0,BERLINE,LUXE
BMW,SERIE Z,Z4,Z4 sDrive28i Roadster,M10BMWVP017B141,ZRLL516H020000,ES,non,15,180,M 6,9.100000381,5.5,6.800000191,159,0.282999992,0.030999999,0.018999999,0,0,1475,1475,"""715/2007*195/2013EURO6",0,CABRIOLET,SUPERIEURE
BMW,X6,X6,X6 M,M10BMWVP005J840,M7XGZ015B,ES,non,48,408,A 6,19.29999924,10.80000019,13.89999962,325,0.416999996,0.039999999,0.024,0,0.002,2380,2380,"""715/2007*566/2011EURO5",0,TS TERRAINS/CHEMINS,LUXE
CADILLAC,ATS,ATS,ATS 2.0L BVA RWD R17 (LM) MY14,M10CDCVP000M161,GMT166BBBABBABBBBCA,ES,non,18,203,A 6,11.60000038,6.300000191,8.199999809,190,0.287999988,0.041999999,0.015,0,0.004,1613,1659,715/2007*195/2013EURO5,mars-14,COUPE,SUPERIEURE
CADILLAC,CTS,CTS,CTS SEDAN 2.0L BVA AWD (LM),M10CDCVP0006181,A1LLAABAAAAAAAAAA,ES,non,18,203,A 6,12.80000019,6.900000095,9.100000381,212,0.330000013,0.037999999,0.012,0,0.002,1782,1782,715/2007*195/2013EURO5,mars-14,BERLINE,SUPERIEURE
CADILLAC,CTS-V,CTS,"""CTS-V COUPE 6.2L V8 BVM RWD 19""""""",M10CDCVP000G155,GMX322CCAAASSHCDCCB,ES,non,50,415,M 6,22.39999962,11.5,15.60000038,365,0.82099998,0.052999999,0.015,0,0,1971,2013,715/2007*566/2011EURO5,mars-14,COUPE,SUPERIEURE
CHEVROLET,AVEO,AVEO,Aveo 4P 1.4 16v (100ch) BVM5,M10CHEVP001X711,KL1TKNCS1PAA5,ES,non,5,74,M 5,6.800000191,4.400000095,5.300000191,125,0.529999971,0.050000001,0.028000001,0,0,1184,1276,715/2007*630/2012EURO5,mars-14,BERLINE,INFERIEURE
CHEVROLET,AVEO,AVEO,Aveo 5P 1.3 VCDI 16v (95ch) BVM6,M10CHEVP001G694,KL1TKHFS1WEH5,GO,non,5,70,M 5,4.199999809,3.299999952,3.599999905,95,0.188999996,0,0.105999999,0.131999999,0.001,1240,1330,715/2007*630/2012EURO5,mars-14,BERLINE,INFERIEURE
CHEVROLET,CAMARO,CAMARO,CAMARO Convertible BVM,M10CHEVP001G500,GMX511AAAAABBAABBAA,ES,non,35,318,M 6,20.89999962,10.19999981,14.10000038,329,0.783999979,0.048,0.009,0,0,1965,1974,715/2007*566/2011EURO5,mars-14,CABRIOLET,LUXE
CHEVROLET,CAMARO,CAMARO,CAMARO Coupe BVA,M10CHEVP0014657,GMX521ABAAAAAAAAAAA,ES,non,32,298,A 6,18.89999962,9.699999809,13.10000038,304,0.967999995,0.068000004,0.011,0,0,1870,1891,715/2007*566/2011EURO5,mars-14,COUPE,LUXE
CHEVROLET,CAMARO,CAMARO,CAMARO Coupe BVM,M10CHEVP001J503,GMX521AAAAABBAABBAA,ES,non,35,318,M 6,20.89999962,10.19999981,14.10000038,329,0.783999979,0.048,0.009,0,0,1844,1866,715/2007*566/2011EURO5,mars-14,COUPE,LUXE
CHEVROLET,CAPTIVA,CAPTIVA,CAPTIVA 2.2 VCDi (184ch) 7PL BVA6 4X4,M10CHEVP001M833,KLACCM722288,GO,non,12,135,A 6,11,6.800000191,8.300000191,219,0.086000003,0,0.247999996,0.254999995,0.001,1978,2058,715/2007*630/2012EURO5,mars-14,TS TERRAINS/CHEMINS,MOY-SUPER
CHEVROLET,CAPTIVA,CAPTIVA,CAPTIVA 2.2 VCDi (184ch) 7PL BVA6 4X4,M10CHEVP001Y845,KLACCW721288,GO,non,12,135,A 6,11,6.800000191,8.300000191,219,0.086000003,0,0.247999996,0.254999995,0.001,1978,2058,715/2007*630/2012EURO5,mars-14,TS TERRAINS/CHEMINS,MOY-SUPER
CHEVROLET,CORVETTE,CORVETTE,CORVETTE Grand Sport Convertible 427 BVM (MM6),M10CHEVP001A530,GMX245SBBAAAEEAAAACA,ES,non,43,377,M 6,21.39999962,9.399999619,13.80000019,325,0.629000008,0.043000001,0.007,0,0,1606,1611,715/2007*566/2011EURO5,mars-14,CABRIOLET,LUXE
CHEVROLET,ORLANDO,ORLANDO,ORLANDO 1.4 TURBO BVM6,M10CHEVP001K673,KL1YYWDS1EE7,ES,non,8,103,M 6,8.100000381,5.5,6.400000095,149,0.587000012,0.039000001,0.008,0,0,1614,1714,715/2007*630/2012EURO5,mars-14,TS TERRAINS/CHEMINS,MOY-INFER
CHEVROLET,TRAX,TRAX,TRAX 1.4T BVA6,M10CHEVP0017854,KL1BBNXXFXXH44PDXHXJJB,ES,non,8,103,A 6,8.600000381,5.800000191,6.800000191,158,0.528999984,0.046,0.022,0,0,1409,1511,715/2007*195/2013EURO5,mars-14,TS TERRAINS/CHEMINS,INFERIEURE
CHEVROLET,TRAX,TRAX,TRAX 1.7 VCDI BVM6,M10CHEVP001S645,KL1BBMYXFXXC77DCXCXCCB,GO,non,7,96,M 6,5.400000095,4,4.5,120,0.155000001,0,0.136999995,0.155000001,0.001,1458,1560,715/2007*630/2012EURO5,mars-14,TS TERRAINS/CHEMINS,INFERIEURE
CITROEN,BERLINGO,BERLINGO,BERLINGO 1.6 e-HDi (90ch) FAP 4x4 DANGEL,M10DGLVP001A487,V36CJ9HPDGL0/00S,GO,non,6,68,M 5,6.199999809,5.300000191,5.599999905,148,0.268999994,0,0.180000007,0.230000004,0.001,1575,1575,715/2007*630/2012EURO5,juin-13,COMBISPACE,INFERIEURE
CITROEN,BERLINGO,BERLINGO,BERLINGO Hdi (90ch) BVM5,M10CTRVP011J090,7J9HP0,GO,non,5,68,M 5,6.199999809,4.800000191,5.300000191,139,0.270000011,0,0.166999996,0.224000007,0.001,1435,1435,"""715/2007*195/2013EURO5",0,COMBISPACE,INFERIEURE
CITROEN,BERLINGO,BERLINGO,BERLINGO VTi (95ch) BVM,M10CTRVP0124621,7J5FK0,ES,non,6,72,M 5,9.399999619,5.5,6.900000095,159,0.400999993,0.054000001,0.030999999,0,0,1395,1395,"""715/2007*195/2013EURO5",0,COMBISPACE,INFERIEURE
CITROEN,C1,C1,C1 3P 1.0i ETG,M10CTRVP007F867,PMCFB0,ES,non,4,50,M 5,5.300000191,3.900000095,4.400000095,102,0.453999996,0.033,0.005,0,0,875,925,"""715/2007*630/2012EURO5",0,BERLINE,ECONOMIQUE
CITROEN,C3,C3,C3 e-HDi (90ch) BMP6,M10CTRVP0120653,SC9HP8/1PS,GO,non,4,68,A 6,4.099999905,3.400000095,3.599999905,95,0.303000003,0,0.125,0.164000005,0,1165,1165,"""715/2007*195/2013EURO5",0,BERLINE,INFERIEURE
CITROEN,C3,C3,C3 HDi (70ch) BVM,M10CTRVP008W617,SC8HR4/1,GO,non,4,50,M 5,4.400000095,3.200000048,3.599999905,95,0.331,0,0.171000004,0.229000002,0.001,1145,1145,"""715/2007*630/2012EURO5",0,BERLINE,INFERIEURE
CITROEN,C3,C3,C3 HDi (90ch) BVM,M10CTRVP012M639,SC9HP0/1,GO,non,5,68,M 5,4.900000095,3.400000095,4,104,0.340000004,0,0.150999993,0.202000007,0,1155,1155,"""715/2007*195/2013EURO5",0,BERLINE,INFERIEURE
CITROEN,C3,C3,C3 VTI (82ch) BVM5,M10CTRVP0051686,SCHMZ0,ES,non,4,60,M 5,5.599999905,4.099999905,4.599999905,107,0.718999982,0.050000001,0.008,0,0,1050,1050,"""715/2007*630/2012EURO5",0,BERLINE,INFERIEURE
CITROEN,C3 PICASSO,C3 PICASSO,C3 PICASSO HDi (90ch) BMP6,M10CTRVP0074759,SH9HP8/PS,GO,non,5,68,M 6,4.900000095,4,4.300000191,112,0.272000015,0,0.131999999,0.180999994,0.001,1388,1388,"""715/2007*630/2012EURO5",0,MINISPACE,INFERIEURE
CITROEN,C3 PICASSO,C3 PICASSO,C3 PICASSO Hdi (90ch) BVM,M10CTRVP0071756,SH9HP4,GO,non,5,68,M 5,4.699999809,3.700000048,4.099999905,107,0.356999993,0,0.167999998,0.221000001,0.001,1280,1280,"""715/2007*630/2012EURO5",0,MINISPACE,INFERIEURE
CITROEN,C3 PICASSO,C3 PICASSO,C3 PICASSO Hdi (90ch) BVM,M10CTRVP0072757,SH9HP4/1,GO,non,5,68,M 5,4.699999809,3.599999905,4,105,0.356999993,0,0.167999998,0.221000001,0.001,1280,1280,"""715/2007*630/2012EURO5",0,MINISPACE,INFERIEURE
CITROEN,C4 AIRCROSS,C4 AIRCROSS,C4 AIRCROSS BVM6 4X2,M10CTRVP005F409,BUNKZ0/S,ES,non,6,86,M 5,7.400000095,4.900000095,5.800000191,133,0.419,0.039000001,0.035,0,0,1385,1385,"""715/2007*459/2012EURO5",0,TS TERRAINS/CHEMINS,MOY-INFER
CITROEN,C4 AIRCROSS,C4 AIRCROSS,C4 AIRCROSS HDi (115ch) BVM6 4X2,M10CTRVP004C116,BU9HD8/S,GO,non,6,84,M 6,5.300000191,4.199999809,4.599999905,119,0.234999999,0,0.159999996,0.193000004,0.001,1390,1390,"""715/2007*566/2011EURO5",0,TS TERRAINS/CHEMINS,MOY-INFER
CITROEN,C4 PICASSO,C4 PICASSO,Nouveau Grand C4 Picasso 5PL e-Hdi (115ch) BVMP6,M10CTRVP0073977,3E9HC8/1PS,GO,non,6,85,A 6,4.5,3.799999952,4,105,0.360000014,0,0.136000007,0.174999997,0,1393,1393,"""715/2007*630/2012EURO5",0,MONOSPACE COMPACT,MOY-INFER
CITROEN,C4 PICASSO,C4 PICASSO,Nouveau Grand C4 Picasso 7PL Blue HDi (150ch) BVM6,M10CTRVP007W970,3AAHXM/1S,GO,non,7,110,M 6,4.900000095,3.799999952,4.199999809,110,0.174999997,0,0.074000001,0.083999999,0,1505,1505,"""715/2007*630/2012EURO6",0,MONOSPACE COMPACT,MOY-INFER
CITROEN,C4 PICASSO,C4 PICASSO,Nouveau Grand C4 Picasso 7PL Vti (115ch) BVA6,M10CTRVP007H966,3A9HC8/1PS,GO,non,6,85,A 6,4.5,3.799999952,4,105,0.360000014,0,0.136000007,0.174999997,0,1395,1395,"""715/2007*630/2012EURO5",0,MONOSPACE COMPACT,MOY-INFER
CITROEN,C4 PICASSO,C4 PICASSO,Nouveau Grand C4 Picasso 7PL Vti (115ch) BVA6,M10CTRVP007J968,3A9HC8/2PSM,GO,non,6,85,A 6,4.400000095,3.700000048,4,104,0.360000014,0,0.136000007,0.174999997,0,1395,1395,"""715/2007*630/2012EURO5",0,MONOSPACE COMPACT,MOY-INFER
CITROEN,DS3,DS3,DS3 CABRIO e-HDi (90ch) BMP6,M10CTRVP0126659,SB9HP8/PS,GO,non,5,68,A 6,4.300000191,3.5,3.799999952,99,0.303000003,0,0.125,0.164000005,0,1165,1165,"""715/2007*195/2013EURO5",0,BERLINE,INFERIEURE
CITROEN,DS3,DS3,DS3 CABRIO VTI (82ch) BVM,M10CTRVP008F636,SBHMZ0/1,ES,non,4,60,M 5,5.599999905,4.099999905,4.699999809,109,0.718999982,0.050000001,0.008,0,0,1107,1107,"""715/2007*630/2012EURO5",0,BERLINE,INFERIEURE
CITROEN,DS3,DS3,DS3 e-HDi (90ch) AirDream BVM5,M10CTRVP0127660,SA9HPK/2S,GO,non,4,68,M 5,4.099999905,3.099999905,3.5,90,0.351000011,0,0.143999994,0.213,0.001,1160,1160,"""715/2007*195/2013EURO5",0,BERLINE,INFERIEURE
CITROEN,DS3,DS3,DS3 e-HDi (90ch) BMP6,M10CTRVP012Y651,SA9HP8/1PS,GO,non,4,68,A 6,4.099999905,3.400000095,3.599999905,95,0.303000003,0,0.125,0.164000005,0,1165,1165,"""715/2007*195/2013EURO5",0,BERLINE,INFERIEURE
CITROEN,DS4,DS4,DS4 e-HDi (115ch) BVM6,M10CTRVP008E732,NX9HD8/1S,GO,non,6,84,M 6,5,3.799999952,4.199999809,110,0.282000005,0,0.147,0.196999997,0.001,1370,1370,"""715/2007*630/2012EURO5",0,BERLINE,MOY-INFER
CITROEN,DS4,DS4,DS4 HDi (160ch) BVM6,M10CTRVP008R709,NXRHH8,GO,non,9,120,M 6,6.099999905,4.199999809,4.900000095,130,0.344000012,0,0.165000007,0.187999994,0.001,1395,1395,"""715/2007*630/2012EURO5",0,BERLINE,MOY-INFER
CITROEN,JUMPY,JUMPY,JUMPY Multispace L2H1 HDi (160ch) BVA6,M10CTRVP008U360,XDRHHA,GO,non,10,120,A 6,9,6.800000191,7.599999905,199,0.211999997,0,0.229000002,0.252999991,0.003,1997,2009,"""715/2007*630/2012EURO5",0,MINIBUS,MOY-INFER
CITROEN,JUMPY 4X4,JUMPY,JUMPY Multispace long 8/9P HDi (125ch) FAP 4x4 DANGEL,M10DGLVP001S505,V60CAEAHZDGL2/4,GO,non,8,94,M 6,8.100000381,7.300000191,7.599999905,199,0.291999996,0,0.214000002,0.26699999,0,2136,2141,715/2007*566/2011EURO5,juin-13,MINIBUS,MOY-INFER
DACIA,DOKKER,DOKKER,DOKKER dCi (75ch) eco2,M10DACVP0000493,0SDA45,GO,non,4,55,M 5,5.199999809,4.099999905,4.5,118,0.178000003,0,0.175999999,0.195999995,0,1280,1399,715/2007*566/2011EURO5,mars-14,COMBISPACE,INFERIEURE
DACIA,LOGAN,LOGAN,Nouvelle LOGAN TCe (90ch) eco2,M10DACVP000T619,4SDAA5,ES,non,5,66,M 5,6.400000095,4.300000191,5,116,0.671999991,0.075000003,0.011,0,0,1073,1152,715/2007*630/2012EURO5,mars-14,BERLINE,INFERIEURE
DACIA,SANDERO,SANDERO,Nouvelle SANDERO 1.2 16V (75ch) GPL eco2,M10DACVP000Y624,5SDGG5,ES/GP,non,4,55,M 5,7.699999809,4.900000095,5.900000095,136,0.237000003,0.028999999,0.017999999,0,0,1055,1172,715/2007*630/2012EURO5,mars-14,BERLINE,INFERIEURE
DACIA,SANDERO,SANDERO,Nouvelle SANDERO Stepway TCe (90ch),M10DACVP000J609,5SDAAC,ES,non,5,66,M 5,6.699999809,4.599999905,5.400000095,124,0.465000004,0.057,0.013,0,0,1098,1180,715/2007*630/2012EURO5,mars-14,BERLINE,INFERIEURE
FERRARI,CALIFORNIA,CALIFORNIA,CALIFORNIA,M10FERVP0001024,F149CDEB,ES,non,40,360,D 7,16.5,8.600000381,11.5,270,0.479000002,0.037999999,0.029999999,0,0,1855,1855,715/2007*692/2008EURO5,mars-14,CABRIOLET,LUXE
FERRARI,FF,FF,FF,M10FERVP000A130,F151ALE,ES,non,63,486,D 7,25.60000038,10.89999962,16.29999924,380,0.368999988,0.044,0.035,0,0.002,1955,1955,715/2007*459/2012EURO5,mars-14,COUPE,LUXE
FERRARI,NON RENSEIGN?,FF,FF,M10FERVP000V018,F151ALE,ES,non,63,486,D 7,25.60000038,10.89999962,16.29999924,380,0.368999988,0.044,0.035,0,0.002,1955,1955,715/2007*692/2008EURO5,mars-14,COUPE,LUXE
FIAT,500,500,500 1.2 8V Dualogic Euro 6,M10FATVP014Z531,312AXA1103H,ES,non,4,51,D 5,6.199999809,4.300000191,5,118,0.345999986,0.041999999,0.012,0,0,975,975,715/2007*630/2012EURO6,mars-14,BERLINE,ECONOMIQUE
FIAT,500,500,500 1.2 8V Dualogic Start/Stop Euro 5,M10FATVP0012511,312AXA1103C,ES,non,4,51,D 5,5.599999905,4.099999905,4.699999809,110,0.275999993,0.043000001,0.013,0,0,975,975,715/2007*692/2008EURO5,mars-14,BERLINE,ECONOMIQUE
FIAT,500,500,500 1.2 8V Dualogic Start/Stop Euro 5,M10FATVP0015514,312AXA1103F,ES,non,4,51,D 5,6.199999809,4.300000191,5,115,0.345999986,0.041999999,0.012,0,0,975,975,715/2007*692/2008EURO5,mars-14,BERLINE,ECONOMIQUE
FIAT,500,500,500 1.2 8V Dualogic Start/Stop Euro 5,MFT11211U511,312AXA1103C,ES,non,4,51,M 5,5.599999905,4.099999905,4.699999809,110,0.275999993,0.043000001,0.013,0,0,975,975,715/2007*692/2008EURO5,mars-14,BERLINE,ECONOMIQUE
FIAT,500,500,500 1.4 (100ch) Dualogic Start/Stop,M10FATVP001N762,312AXC1104G,ES,non,6,73.5,D 5,6.699999809,5,5.599999905,130,0.344999999,0.044,0.024,0,0,1015,1015,715/2007*692/2008EURO5,mars-14,BERLINE,ECONOMIQUE
FIAT,500,500,500 1.4 16V Euro 5,M10FATVP001R536,312AXC1B02B,ES,non,6,73.5,M 6,8.199999809,5.199999809,6.300000191,149,0.333000004,0.044,0.011,0,0,1005,1005,715/2007*692/2008EURO5,mars-14,BERLINE,ECONOMIQUE
FIAT,500,500,500 1.4 16V Euro 5,MFT13211J515,312AXC1B02B,ES,non,6,73.5,M 6,8.199999809,5.199999809,6.300000191,149,0.333000004,0.044,0.001,0,0,1005,1005,715/2007*692/2008EURO5,mars-14,BERLINE,ECONOMIQUE
FIAT,500,500,500 TwinAir 0.9 (65ch),M10FATVP008J679,312AXH1A10D,ES,non,3,48,M 5,5.099999905,3.5,4.099999905,95,0.384000003,0.035,0.032000002,0,0,980,980,715/2007*692/2008EURO5,mars-14,BERLINE,ECONOMIQUE
FIAT,500,500,500 TwinAir 0.9 (85ch) Dualogic,M10FATVP001L300,312AXG1109,ES,non,4,62.5,M 5,4.599999905,3.599999905,4,92,0.361000001,0.037,0.034000002,0,0,1015,1015,715/2007*692/2008EURO5,mars-14,BERLINE,ECONOMIQUE
FIAT,500 ABARTH,500,Abarth 595 1.4 T-Jet (160ch) BVM,M10FATVP022X291,312AXD1A05K6,ES,non,9,118,M 5,8.5,5.400000095,6.5,155,0.222000003,0.035,0.018999999,0,0,1110,1110,715/2007*195/2013EURO6,mars-14,BERLINE,ECONOMIQUE
FIAT,500C,500C,500C 1.2 8V Dual Logic Start/Stop Euro 5,M10FATVP0014513,312AXA1103E,ES,non,4,51,D 5,5.599999905,4.099999905,4.699999809,110,0.275999993,0.043000001,0.013,0,0,1015,1015,715/2007*692/2008EURO5,mars-14,BERLINE,ECONOMIQUE
FIAT,500C,500C,500C 1.2 8V Start/Stop Euro 6,M10FATVP0143535,312AXA1A00AA,ES,non,4,51,M 5,5.699999809,4.300000191,4.800000191,113,0.351000011,0.041999999,0.032000002,0,0,980,980,715/2007*630/2012EURO6,mars-14,BERLINE,ECONOMIQUE
FIAT,500C,500C,500C 1.3 MultiJet 16V (95ch) Start/Stop DPF Euro 6,M10FATVP014C544,312AXH1A10F,ES,non,3,48,M 5,5.199999809,3.599999905,4.199999809,97,0.384000003,0.035,0.032000002,0,0,980,980,715/2007*630/2012EURO6,mars-14,BERLINE,ECONOMIQUE
FIAT,500C,500C,500C TwinAir 0.9 (85ch),M10FATVP001P303,312AXG1A08B,ES,non,4,62.5,M 5,4.900000095,3.700000048,4.099999905,95,0.419,0.039000001,0.034000002,0,0,1045,1045,715/2007*692/2008EURO5,mars-14,BERLINE,ECONOMIQUE
FIAT,500C,500C,500C TwinAir 0.9 (85ch) Euro 6,M10FATVP014E546,312AXH1A10H,ES,non,3,48,M 5,5.099999905,3.5,4.099999905,95,0.384000003,0.035,0.032000002,0,0,980,980,715/2007*630/2012EURO6,mars-14,BERLINE,ECONOMIQUE
FIAT,500C ABARTH,500C,Abarth 595C 1.4 T-Jet (160ch) BVA,M10FATVP014J550,312AXF1107KF,ES,non,9,118,D 5,8.399999619,5.300000191,6.400000095,150,0.43900001,0.034000002,0.037,0,0,1160,1160,715/2007*195/2013EURO5,mars-14,BERLINE,ECONOMIQUE
FIAT,500C ABARTH,500C,Abarth 695 1.4 T-Jet (180ch) BVA,M10FATVP0221270,312AXF1107KD,ES,non,10,132,D 5,8.399999619,5.400000095,6.5,151,0.569999993,0.037999999,0.01,0,0,1165,1165,715/2007*692/2008EURO5,mars-14,BERLINE,ECONOMIQUE
FIAT,500L,500L,500L 1.3 MultiJet 16V (85ch),M10FATVP014T234,199LXY1AL0,GO,non,4,62,M 5,5,3.700000048,4.199999809,110,0.349000007,0,0.172000006,0.199000001,0.001,1390,1390,715/2007*630/2012EURO5,mars-14,MINISPACE,ECONOMIQUE
FIAT,500L,500L,500L 1.3 MultiJet 16V (85ch),M10FATVP014Y239,199LXY1AL0H,GO,non,4,62,M 5,5,3.700000048,4.199999809,110,0.349000007,0,0.172000006,0.199000001,0.001,1370,1370,715/2007*630/2012EURO5,mars-14,MINISPACE,ECONOMIQUE
FIAT,500L,500L,500L 1.6 MultiJet 16V (120ch),M10FATVP0247493,199LYE1BL6N,GO,non,6,88,M 6,5.599999905,4.099999905,4.699999809,122,0.377000004,0,0.159999996,0.186000004,0,1455,1455,715/2007*195/2013EURO5,mars-14,MINISPACE,ECONOMIQUE
FIAT,BRAVO,BRAVO,BRAVO 1.4 (90ch) GPL Euro 5,M10FATVP001P595,198AXA1BG00E,GP/ES,non,5,66,M 6,10.60000038,7,8.300000191,134,0.248999998,0.025,0.023,0,0,1280,1280,715/2007*692/2008EURO5,mars-14,BERLINE,MOY-INFER
FIAT,BRAVO,BRAVO,BRAVO 1.4 T-Jet (120ch) Euro6,M10FATVP001V091,198AXG1B06H,ES,non,7,88,M 6,8.100000381,5.199999809,6.300000191,146,0.423000008,0.030999999,0.028999999,0,0,1335,1335,715/2007*692/2008EURO5,mars-14,BERLINE,MOY-INFER
FIAT,BRAVO,BRAVO,BRAVO 1.6 MultiJet (105ch) Euro 5,M10FATVP000R307,198AXH1B07G,GO,non,6,77,M 6,6.300000191,4.099999905,4.900000095,129,0.488000005,0,0.134000003,0.184,0.002,1395,1395,715/2007*692/2008EURO5,mars-14,BERLINE,MOY-INFER
FIAT,BRAVO,BRAVO,BRAVO 1.6 MultiJet (120ch) Euro 5,M10FATVP0001317,198AXL1B08C,GO,non,6,88,M 6,6.300000191,4.099999905,4.900000095,129,0.432000011,0,0.167999998,0.202000007,0.001,1395,1395,715/2007*692/2008EURO5,mars-14,BERLINE,MOY-INFER
FIAT,DOBLO,DOBLO,DOBLO 1.3 MultiJet (90ch) Dualogic,M10FATVP004R532,263AXL1108G,GO,non,5,66,D 5,6.400000095,4.800000191,5.400000095,141,0.119000003,0,0.140000001,0.178000003,0,1505,1505,715/2007*692/2008EURO5,mars-14,COMBISPACE,INFERIEURE
FIAT,DOBLO,DOBLO,DOBLO 1.4 16V (120ch) GNV,M10FATVP001Z447,263AXG1B05,GN/ES,non,7,88,M 6,9.899999619,6.099999905,7.5,134,0.545000017,0.059999999,0.013,0,0,1615,1615,715/2007*692/2008EURO5,mars-14,COMBISPACE,INFERIEURE
FIAT,DOBLO,DOBLO,DOBLO 1.4 T-Jet (120ch),M10FATVP005V087,263AXG1B05C,ES,non,7,88,M 6,9.5,5.900000095,7.199999809,169,0.693000019,0.046999998,0.016000001,0,0,1490,1490,715/2007*692/2008EURO5,mars-14,COMBISPACE,INFERIEURE
FIAT,DOBLO,DOBLO,DOBLO 1.6 MultiJet (90ch) Start/Stop 7PL,M10FATVP001T865,263AXH1B07E,GO,non,5,66,M 6,6.099999905,4.699999809,5.199999809,138,0.289999992,0,0.156000003,0.210999995,0.001,1505,1505,715/2007*692/2008EURO5,mars-14,COMBISPACE,INFERIEURE
FIAT,DOBLO,DOBLO,DOBLO 1.6 MultiJet 16V (105ch) Start/Stop DPF,M10FATVP0008942,263AXD1B02B,GO,non,6,77,M 6,6.099999905,4.699999809,5.199999809,138,0.289999992,0,0.156000003,0.210999995,0.001,1485,1485,715/2007*692/2008EURO5,mars-14,COMBISPACE,INFERIEURE
FIAT,DOBLO,DOBLO,DOBLO 1.6 MultiJet 16V (90ch) Start/Stop DPF,M10FATVP0013451,263AXH1B07,GO,non,5,66,M 6,6.099999905,4.699999809,5.199999809,138,0.289999992,0,0.156000003,0.210999995,0.001,1485,1485,715/2007*692/2008EURO5,mars-14,COMBISPACE,INFERIEURE
FIAT,DOBLO,DOBLO,DOBLO 1.6 MultiJet 16V (90ch) Start/Stop DPF Dualogic TOIT HAUT,M10FATVP001X481,263AXL1108C,GO,non,5,66,D 5,5.900000095,5.300000191,5.5,145,0.143000007,0,0.165000007,0.210999995,0.003,1505,1505,715/2007*692/2008EURO5,mars-14,COMBISPACE,INFERIEURE
FIAT,DOBLO,DOBLO,DOBLO 2.0 MultiJet 16V (135ch) Start/Stop DPF 7PL,M10FATVP000A847,263AXF1B04B,GO,non,8,99,M 6,6.699999809,5.099999905,5.699999809,150,0.224999994,0,0.177000001,0.210999995,0.001,1555,1555,715/2007*692/2008EURO5,mars-14,COMBISPACE,INFERIEURE
FIAT,DUCATO,DUCATO,Combi 3.0 - C H1 - 2.0 Mjt (115ch),M10FATVP009T142,250ARMPA73B,GO,non,7,85,M 5,8.600000381,6,7,182,0.094999999,0,0.261999995,0.270000011,0.001,2275,2275,715/2007*630/2012EURO5,mars-14,MINIBUS,MOY-INFER
FIAT,DUCATO,DUCATO,Combi 3.0 - C H1 - 2.3 Mjt (130ch),M10FATVP0097120,250AMMRA46D,GO,non,8,96,M 6,7.699999809,5.599999905,6.400000095,167,0.363999993,0,0.230000004,0.266000003,0.002,2025,2025,715/2007*630/2012EURO5,mars-14,MINIBUS,MOY-INFER
FIAT,DUCATO,DUCATO,Combi 3.3 - M H2 - 2.3 Mjt (130ch),M10FATVP009K169,250BMMRB48,GO,non,8,96,M 6,8.5,5.900000095,6.900000095,180,0.363999993,0,0.230000004,0.266000003,0.002,2135,2135,715/2007*630/2012EURO5,mars-14,MINIBUS,MOY-INFER
FIAT,DUCATO,DUCATO,Panorama 3.0 - C H1 - 2.3 Mjt (130ch),M10FATVP003N821,250AMMPA54D,GO,non,8,96,M 6,8.199999809,6.099999905,6.900000095,180,0.363999993,0,0.230000004,0.266000003,0.002,2290,2290,715/2007*692/2008EURO5,mars-14,MINIBUS,MOY-INFER
FIAT,DUCATO,DUCATO,Panorama 3.0 - C H1 - 2.3 Mjt (130ch),M10FATVP009W109,250AMAPA84,GO,non,8,96,A 6,8.699999809,6.099999905,7.099999905,186,0.307999998,0,0.259000003,0.287999988,0,2290,2290,715/2007*630/2012EURO5,mars-14,MINIBUS,MOY-INFER
FIAT,FIORINO,FIORINO,QUBO 1.3 16V MultiJet (75ch) Start/StopÖ,M10FATVP0141303,225AXD1A04B,GO,non,4,55,M 5,5.099999905,3.799999952,4.300000191,113,0.172000006,0,0.166999996,0.186000004,0.001,1275,1275,715/2007*630/2012EURO5,mars-14,COMBISPACE,INFERIEURE
FIAT,FIORINO,FIORINO,QUBO 1.4 8V (73ch),M10FATVP001R438,225AXF1A07B,ES,non,5,54,M 5,8.199999809,5.599999905,6.599999905,152,0.561999977,0.041000001,0.023,0,0,1255,1255,715/2007*692/2008EURO5,mars-14,COMBISPACE,INFERIEURE
FIAT,PANDA,PANDA,PANDA 4x4 1.3 MultiJet (75ch),M10FATVP001M143,169AXG2A11C,GO,non,5,55,M 5,6.400000095,4,4.900000095,128,0.34799999,0,0.172000006,0.230000004,0.001,1150,1240,715/2007*692/2008EURO5,mars-14,BERLINE,INFERIEURE
FIAT,PANDA,PANDA,PANDA III 0.9 TwinAir Turbo GNV (80ch) 5PL,M10FATVP008L681,312PXG1AP1D,ES/GN,non,4,62.5,M 5,5.800000191,3.900000095,4.599999905,107,0.305000007,0.045000002,0.035999998,0,0,1155,1155,715/2007*692/2008EURO5,mars-14,BERLINE,INFERIEURE
FIAT,PANDA,PANDA,PANDA III 0.9 TwinAir Turbo GNV (80ch) 5PL Euro 6,M10FATVP0263850,312PXG1AP1Z,GN/ES,non,4,59,M 5,6.099999905,4,4.800000191,86,0.257999986,0.055,0.030999999,0,0,1155,1155,715/2007*195/2013EURO6,mars-14,BERLINE,INFERIEURE
FIAT,PANDA,PANDA,PANDA III 1.2 (69ch) 5PL,M10FATVP004M564,312PXA1AP0B,ES,non,4,51,M 5,6.699999809,4.300000191,5.199999809,120,0.225999996,0.046,0.02,0,0,1015,1015,715/2007*692/2008EURO5,mars-14,BERLINE,INFERIEURE
FIAT,PANDA,PANDA,PANDA III 1.2 GPL (69ch) Euro 6,M10FATVP026F862,312PXA1AP0P,ES/GP,non,4,51,M 5,6.699999809,4.300000191,5.199999809,120,0.493999988,0.030999999,0.014,0,0,1055,1055,715/2007*195/2013EURO6,mars-14,BERLINE,INFERIEURE
FIAT,PANDA,PANDA,PANDA III 4x4 1.3 MultiJet (75ch) Start/Stop,M10FATVP014V527,312PXL2AP6,GO,non,4,55,M 5,5,4.599999905,4.699999809,125,0.226999998,0,0.155000001,0.180000007,0.001,1190,1190,715/2007*630/2012EURO5,mars-14,BERLINE,INFERIEURE
FIAT,SCUDO,SCUDO,SCUDO Combi 1.0 CH1 2.0 MultiJet (128ch),M10FATVP0015708,270KXL1BAB,GO,non,8,94,M 6,8.199999809,6.300000191,7,183,0.351000011,0,0.187999994,0.230000004,0.01,1976,1988,715/2007*692/2008EURO5,mars-14,MINIBUS,MOY-INFER
FIAT,SCUDO,SCUDO,SCUDO Combi 1.0 CH1 2.0 MultiJet (163ch),M10FATVP014R170,270KXG1BAB,GO,non,10,120,M 6,8.199999809,6.300000191,7,183,0.518999994,0,0.236000001,0.286000013,0.001,1984,1995,715/2007*630/2012EURO5,mars-14,MINIBUS,MOY-INFER
FIAT,SCUDO 4X4,SCUDO,SCUDO Combi/Panorama 8/9P 2.0 MJT 16v (130ch) LH1 4x4 DANGEL,M10DGLVP001U507,V60FAKXL2BABL,GO,non,8,94,M 6,7.900000095,7.400000095,7.599999905,199,0.398000002,0,0.216999993,0.256000012,0.001,2063,2075,715/2007*566/2011EURO5,juin-13,MINIBUS,MOY-INFER
FIAT,SEDICI,SEDICI,SEDICI 2.0 MultiJet (135ch) 4x2,M10FATVP0039067,FYA91SMT,GO,non,7,99.19999695,M 6,6,4.300000191,4.900000095,128,0.351999998,0,0.143000007,0.180999994,0.002,1360,1360,715/2007*692/2008EURO5,mars-14,TS TERRAINS/CHEMINS,INFERIEURE
FORD,B-MAX,B-MAX,B-MAX 1000 S&S (125ch) EcoBoost,M10FRDVP0253365,JK8M1JE1K5ABALR,ES,non,6,92,M 5,6,4.199999809,4.900000095,114,0.611000001,0.074000001,0.046,0,0.002,1279,1279,"""715/2007*630/2012EURO5",0,MINISPACE,INFERIEURE
FORD,B-MAX,B-MAX,B-MAX 1600 (105ch) PowerShift,M10FRDVP034C875,JK8IQJA1K5GGAMT,ES,non,6,77,A 6,8.600000381,5.099999905,6.400000095,149,0.300999999,0.057,0.024,0,0,1308,1308,"""715/2007*630/2012EURO5",0,MINISPACE,INFERIEURE
FORD,C-MAX,C-MAX,C-MAX II 1600 EcoBoost S&S (150ch),M10FRDVP025Y227,DXAJQDB1J5CGAMB,ES,non,8,110,M 6,7.800000191,5.300000191,6.199999809,144,0.340000004,0.056000002,0.034000002,0,0.002,1385,1385,"""715/2007*630/2012EURO5",0,MONOSPACE COMPACT,MOY-INFER
FORD,FIESTA,FIESTA,FIESTA 3P 1000 EcoBoost S&S (125ch),M10FRDVP034K761,JA8M1JE1C5DHABK,ES,non,6,92,M 5,5.300000191,3.700000048,4.300000191,99,0.558000028,0.068999998,0.034000002,0,0.002,1123,1123,"""715/2007*630/2012EURO5",0,BERLINE,INFERIEURE
FORD,FOCUS,FOCUS,FOCUS III 5P 1600 TDCi ECOnétic S&S (88 g/km),M10FRDVP0475248,DYBNGDB1K5DEDMC,GO,non,5,77,M 6,3.900000095,3.099999905,3.400000095,88,0.354999989,0,0.147,0.178000003,0,1350,1350,"""715/2007*195/2013EURO5",0,BERLINE,INFERIEURE
FORD,FOCUS,FOCUS,FOCUS III 5P 2000 (250ch) EcoBoost,M10FRDVP017M805,DYBR9DA1K5KMBNF,ES,non,15,184,M 6,9.899999619,5.599999905,7.199999809,169,0.412999988,0.037,0.024,0,0.001,1437,1437,"""715/2007*566/2011EURO5",0,BERLINE,MOY-INFER
FORD,FOCUS,FOCUS,FOCUS III SW 1600 FLEXIFUEL S&S (150ch),M10FRDVP034G757,DYBYUDA1L5CDAMC,FE,non,8,110,M 6,11.39999962,6.5,8.300000191,136,0.296999991,0.059,0.013,0,0.001,1358,1358,"""715/2007*630/2012EURO5",0,BREAK,MOY-INFER
FORD,FOCUS,FOCUS,FOCUS III SW 1600 TDCi S&S (115ch) FAP,M10FRDVP047E221,DYBT1DB1L5DAAMC,GO,non,6,85,M 6,5.099999905,3.700000048,4.199999809,109,0.356999993,0,0.165999994,0.187000006,0.001,1367,1367,"""715/2007*195/2013EURO5",0,BREAK,MOY-INFER
